category,table_name,rows
01_AI_Agent_Infrastructure,agent_executions,2337
01_AI_Agent_Infrastructure,ai_task_queue,365
01_AI_Agent_Infrastructure,neural_pathways,302
01_AI_Agent_Infrastructure,cns_memory,191
01_AI_Agent_Infrastructure,ai_agents,59
01_AI_Agent_Infrastructure,ai_improvement_cycles,34
01_AI_Agent_Infrastructure,ai_workflow_executions,11
01_AI_Agent_Infrastructure,agent_registry,10
01_AI_Agent_Infrastructure,ai_email_queue,10
01_AI_Agent_Infrastructure,ai_task_manager,10
01_AI_Agent_Infrastructure,ai_agents_active,8
01_AI_Agent_Infrastructure,ai_automations_active,5
01_AI_Agent_Infrastructure,ai_autonomous_config,5
01_AI_Agent_Infrastructure,brainops_system_status,4
01_AI_Agent_Infrastructure,cns_tasks,4
01_AI_Agent_Infrastructure,ai_memory_store,3
01_AI_Agent_Infrastructure,ai_workflows,3
01_AI_Agent_Infrastructure,cns_system_documentation,3
01_AI_Agent_Infrastructure,cns_threads,3
01_AI_Agent_Infrastructure,ai_development_sessions,2
01_AI_Agent_Infrastructure,ai_persistence_test,1
01_AI_Agent_Infrastructure,agent_activities,0
01_AI_Agent_Infrastructure,agent_capabilities,0
01_AI_Agent_Infrastructure,agent_communication_logs,0
01_AI_Agent_Infrastructure,agent_communications,0
01_AI_Agent_Infrastructure,agent_configs,0
01_AI_Agent_Infrastructure,agent_execution_logs,0
01_AI_Agent_Infrastructure,agent_learning_feedback,0
01_AI_Agent_Infrastructure,agent_learning_patterns,0
01_AI_Agent_Infrastructure,agent_memories,0
01_AI_Agent_Infrastructure,agent_memory,0
01_AI_Agent_Infrastructure,agent_memory_access,0
01_AI_Agent_Infrastructure,agent_messages,0
01_AI_Agent_Infrastructure,agent_metrics,0
01_AI_Agent_Infrastructure,agent_performance,0
01_AI_Agent_Infrastructure,agent_roles,0
01_AI_Agent_Infrastructure,agent_schedules,0
01_AI_Agent_Infrastructure,agent_sessions,0
01_AI_Agent_Infrastructure,agent_states,0
01_AI_Agent_Infrastructure,agent_tasks,0
01_AI_Agent_Infrastructure,ai_acquisition_campaigns,0
01_AI_Agent_Infrastructure,ai_acquisition_leads,0
01_AI_Agent_Infrastructure,ai_activity_feed,0
01_AI_Agent_Infrastructure,ai_agent_activities,0
01_AI_Agent_Infrastructure,ai_agent_collaborations,0
01_AI_Agent_Infrastructure,ai_agent_configs,0
01_AI_Agent_Infrastructure,ai_agent_connections,0
01_AI_Agent_Infrastructure,ai_agent_executions,0
01_AI_Agent_Infrastructure,ai_agent_metrics,0
01_AI_Agent_Infrastructure,ai_agent_performance,0
01_AI_Agent_Infrastructure,ai_anomalies,0
01_AI_Agent_Infrastructure,ai_assistant,0
01_AI_Agent_Infrastructure,ai_automation_rules,0
01_AI_Agent_Infrastructure,ai_autonomous_tasks,0
01_AI_Agent_Infrastructure,ai_board_logs,0
01_AI_Agent_Infrastructure,ai_board_sessions,0
01_AI_Agent_Infrastructure,ai_budgets,0
01_AI_Agent_Infrastructure,ai_business_insights,0
01_AI_Agent_Infrastructure,ai_campaign_touches,0
01_AI_Agent_Infrastructure,ai_circuit_breakers,0
01_AI_Agent_Infrastructure,ai_component_health,0
01_AI_Agent_Infrastructure,ai_component_state,0
01_AI_Agent_Infrastructure,ai_consensus_decisions,0
01_AI_Agent_Infrastructure,ai_context,0
01_AI_Agent_Infrastructure,ai_conversation_context,0
01_AI_Agent_Infrastructure,ai_conversation_memory,0
01_AI_Agent_Infrastructure,ai_conversation_snapshots,0
01_AI_Agent_Infrastructure,ai_conversations,0
01_AI_Agent_Infrastructure,ai_cost_alerts,0
01_AI_Agent_Infrastructure,ai_cost_optimizations,0
01_AI_Agent_Infrastructure,ai_customer_interactions,0
01_AI_Agent_Infrastructure,ai_damage_assessments,0
01_AI_Agent_Infrastructure,ai_decision_engine,0
01_AI_Agent_Infrastructure,ai_decision_history,0
01_AI_Agent_Infrastructure,ai_decision_logs,0
01_AI_Agent_Infrastructure,ai_decision_metrics,0
01_AI_Agent_Infrastructure,ai_decision_nodes,0
01_AI_Agent_Infrastructure,ai_decision_points,0
01_AI_Agent_Infrastructure,ai_decision_rules,0
01_AI_Agent_Infrastructure,ai_decision_trees,0
01_AI_Agent_Infrastructure,ai_decisions,0
01_AI_Agent_Infrastructure,ai_detected_patterns,0
01_AI_Agent_Infrastructure,ai_development_tasks,0
01_AI_Agent_Infrastructure,ai_directives,0
01_AI_Agent_Infrastructure,ai_document_actions,0
01_AI_Agent_Infrastructure,ai_document_analysis,0
01_AI_Agent_Infrastructure,ai_document_content,0
01_AI_Agent_Infrastructure,ai_document_embeddings,0
01_AI_Agent_Infrastructure,ai_document_relationships,0
01_AI_Agent_Infrastructure,ai_documents,0
01_AI_Agent_Infrastructure,ai_embeddings,0
01_AI_Agent_Infrastructure,ai_error_logs,0
01_AI_Agent_Infrastructure,ai_estimates,0
01_AI_Agent_Infrastructure,ai_event_broadcasts,0
01_AI_Agent_Infrastructure,ai_events,0
01_AI_Agent_Infrastructure,ai_feedback,0
01_AI_Agent_Infrastructure,ai_feedback_loop,0
01_AI_Agent_Infrastructure,ai_followup_executions,0
01_AI_Agent_Infrastructure,ai_followup_metrics,0
01_AI_Agent_Infrastructure,ai_followup_responses,0
01_AI_Agent_Infrastructure,ai_followup_sequences,0
01_AI_Agent_Infrastructure,ai_followup_touchpoints,0
01_AI_Agent_Infrastructure,ai_generated_reports,0
01_AI_Agent_Infrastructure,ai_generations,0
01_AI_Agent_Infrastructure,ai_healing_rules,0
01_AI_Agent_Infrastructure,ai_insights,0
01_AI_Agent_Infrastructure,ai_knowledge_base,0
01_AI_Agent_Infrastructure,ai_knowledge_edges,0
01_AI_Agent_Infrastructure,ai_knowledge_graph,0
01_AI_Agent_Infrastructure,ai_knowledge_insights,0
01_AI_Agent_Infrastructure,ai_knowledge_nodes,0
01_AI_Agent_Infrastructure,ai_leads,0
01_AI_Agent_Infrastructure,ai_learning_episodes,0
01_AI_Agent_Infrastructure,ai_learning_events,0
01_AI_Agent_Infrastructure,ai_learning_insights,0
01_AI_Agent_Infrastructure,ai_learning_patterns,0
01_AI_Agent_Infrastructure,ai_learning_sessions,0
01_AI_Agent_Infrastructure,ai_logs,0
01_AI_Agent_Infrastructure,ai_master_context,0
01_AI_Agent_Infrastructure,ai_master_plan,0
01_AI_Agent_Infrastructure,ai_memories,0
01_AI_Agent_Infrastructure,ai_memory,0
01_AI_Agent_Infrastructure,ai_memory_clusters,0
01_AI_Agent_Infrastructure,ai_memory_feedback,0
01_AI_Agent_Infrastructure,ai_memory_relationships,0
01_AI_Agent_Infrastructure,ai_memory_vectors,0
01_AI_Agent_Infrastructure,ai_messages,0
01_AI_Agent_Infrastructure,ai_model_performance,0
01_AI_Agent_Infrastructure,ai_models,0
01_AI_Agent_Infrastructure,ai_neural_pathways,0
01_AI_Agent_Infrastructure,ai_neurons,0
01_AI_Agent_Infrastructure,ai_nlu_interactions,0
01_AI_Agent_Infrastructure,ai_nurture_ab_tests,0
01_AI_Agent_Infrastructure,ai_nurture_campaigns,0
01_AI_Agent_Infrastructure,ai_nurture_content_library,0
01_AI_Agent_Infrastructure,ai_nurture_engagement,0
01_AI_Agent_Infrastructure,ai_nurture_enrollments,0
01_AI_Agent_Infrastructure,ai_nurture_executions,0
01_AI_Agent_Infrastructure,ai_nurture_metrics,0
01_AI_Agent_Infrastructure,ai_nurture_sequences,0
01_AI_Agent_Infrastructure,ai_nurture_touchpoints,0
01_AI_Agent_Infrastructure,ai_onboarding_actions,0
01_AI_Agent_Infrastructure,ai_onboarding_analytics,0
01_AI_Agent_Infrastructure,ai_onboarding_events,0
01_AI_Agent_Infrastructure,ai_onboarding_interventions,0
01_AI_Agent_Infrastructure,ai_onboarding_journeys,0
01_AI_Agent_Infrastructure,ai_onboarding_stages,0
01_AI_Agent_Infrastructure,ai_onboarding_steps,0
01_AI_Agent_Infrastructure,ai_onboarding_tasks,0
01_AI_Agent_Infrastructure,ai_onboarding_workflows,0
01_AI_Agent_Infrastructure,ai_operational_context,0
01_AI_Agent_Infrastructure,ai_operations,0
01_AI_Agent_Infrastructure,ai_optimizations,0
01_AI_Agent_Infrastructure,ai_orchestration,0
01_AI_Agent_Infrastructure,ai_orchestration_workflows,0
01_AI_Agent_Infrastructure,ai_orchestrations,0
01_AI_Agent_Infrastructure,ai_os_metadata,0
01_AI_Agent_Infrastructure,ai_pattern_recognition,0
01_AI_Agent_Infrastructure,ai_patterns,0
01_AI_Agent_Infrastructure,ai_permission_policies,0
01_AI_Agent_Infrastructure,ai_persistent_memory,0
01_AI_Agent_Infrastructure,ai_personalizations,0
01_AI_Agent_Infrastructure,ai_prediction_recommendations,0
01_AI_Agent_Infrastructure,ai_predictions,0
01_AI_Agent_Infrastructure,ai_pricing_history,0
01_AI_Agent_Infrastructure,ai_pricing_rules,0
01_AI_Agent_Infrastructure,ai_proposals,0
01_AI_Agent_Infrastructure,ai_providers,0
01_AI_Agent_Infrastructure,ai_realtime_events,0
01_AI_Agent_Infrastructure,ai_realtime_subscriptions,0
01_AI_Agent_Infrastructure,ai_recovery_actions,0
01_AI_Agent_Infrastructure,ai_report_alerts,0
01_AI_Agent_Infrastructure,ai_report_analytics,0
01_AI_Agent_Infrastructure,ai_report_deliveries,0
01_AI_Agent_Infrastructure,ai_report_templates,0
01_AI_Agent_Infrastructure,ai_resource_usage,0
01_AI_Agent_Infrastructure,ai_revenue_tracking,0
01_AI_Agent_Infrastructure,ai_roofing_estimates,0
01_AI_Agent_Infrastructure,ai_scheduled_outreach,0
01_AI_Agent_Infrastructure,ai_state_transitions,0
01_AI_Agent_Infrastructure,ai_synapses,0
01_AI_Agent_Infrastructure,ai_system_alerts,0
01_AI_Agent_Infrastructure,ai_system_config,0
01_AI_Agent_Infrastructure,ai_system_state,0
01_AI_Agent_Infrastructure,ai_task_history,0
01_AI_Agent_Infrastructure,ai_tasks,0
01_AI_Agent_Infrastructure,ai_trained_models,0
01_AI_Agent_Infrastructure,ai_training_data,0
01_AI_Agent_Infrastructure,ai_training_jobs,0
01_AI_Agent_Infrastructure,ai_usage_logs,0
01_AI_Agent_Infrastructure,ai_user_context,0
01_AI_Agent_Infrastructure,ai_user_embeddings,0
01_AI_Agent_Infrastructure,ai_user_interactions,0
01_AI_Agent_Infrastructure,ai_user_preferences,0
01_AI_Agent_Infrastructure,ai_user_profiles,0
01_AI_Agent_Infrastructure,ai_user_sessions,0
01_AI_Agent_Infrastructure,brainlink_events,0
01_AI_Agent_Infrastructure,brainops_memory_events,0
01_AI_Agent_Infrastructure,brainops_shared_knowledge,0
01_AI_Agent_Infrastructure,cns_automations,0
01_AI_Agent_Infrastructure,cns_context_persistence,0
01_AI_Agent_Infrastructure,cns_decisions,0
01_AI_Agent_Infrastructure,cns_learning_patterns,0
01_AI_Agent_Infrastructure,cns_projects,0
01_AI_Agent_Infrastructure,consciousness_evolution,0
01_AI_Agent_Infrastructure,neural_memory,0
01_AI_Agent_Infrastructure,neural_os_capabilities,0
01_AI_Agent_Infrastructure,neural_os_config,0
01_AI_Agent_Infrastructure,neural_os_insights,0
01_AI_Agent_Infrastructure,neural_os_knowledge,0
01_AI_Agent_Infrastructure,neural_os_reviews,0
01_AI_Agent_Infrastructure,neural_os_synapses,0
02_Customer_Management,customers,3651
02_Customer_Management,customer_notes,100
02_Customer_Management,customer_history,54
02_Customer_Management,contact_submissions,0
02_Customer_Management,contacts,0
02_Customer_Management,customer_communications,0
02_Customer_Management,customer_contacts,0
02_Customer_Management,customer_credit_profiles,0
02_Customer_Management,customer_custom_fields,0
02_Customer_Management,customer_feedback,0
02_Customer_Management,customer_ltv,0
02_Customer_Management,customer_merges,0
02_Customer_Management,customer_portal_access,0
02_Customer_Management,customer_portal_sessions,0
02_Customer_Management,customer_portal_users,0
02_Customer_Management,customer_portals,0
02_Customer_Management,customer_reminder_settings,0
02_Customer_Management,customer_segments,0
02_Customer_Management,customer_subscriptions,0
02_Customer_Management,customer_tags,0
02_Customer_Management,customer_trade_references,0
03_Job_Project_Management,jobs,12849
03_Job_Project_Management,job_tasks,100
03_Job_Project_Management,task_memory,1
03_Job_Project_Management,job_assignments,0
03_Job_Project_Management,job_costs,0
03_Job_Project_Management,job_documents,0
03_Job_Project_Management,job_expenses,0
03_Job_Project_Management,job_labor_entries,0
03_Job_Project_Management,job_material_usage,0
03_Job_Project_Management,job_materials,0
03_Job_Project_Management,job_monitors,0
03_Job_Project_Management,job_notes,0
03_Job_Project_Management,job_notification_rules,0
03_Job_Project_Management,job_notifications,0
03_Job_Project_Management,job_phases,0
03_Job_Project_Management,job_photos,0
03_Job_Project_Management,job_postings,0
03_Job_Project_Management,job_queue,0
03_Job_Project_Management,job_status_history,0
03_Job_Project_Management,project_critical_path,0
03_Job_Project_Management,project_dashboards,0
03_Job_Project_Management,project_dependencies,0
03_Job_Project_Management,project_documents,0
03_Job_Project_Management,project_gantt_tasks,0
03_Job_Project_Management,project_lifecycles,0
03_Job_Project_Management,project_members,0
03_Job_Project_Management,project_memory,0
03_Job_Project_Management,project_milestones,0
03_Job_Project_Management,project_phases,0
03_Job_Project_Management,project_reports,0
03_Job_Project_Management,project_resources,0
03_Job_Project_Management,project_schemas,0
03_Job_Project_Management,project_tasks,0
03_Job_Project_Management,project_team,0
03_Job_Project_Management,project_templates,0
03_Job_Project_Management,project_time_entries,0
03_Job_Project_Management,projects,0
03_Job_Project_Management,task_checklist_items,0
03_Job_Project_Management,task_comments,0
03_Job_Project_Management,task_dependencies,0
03_Job_Project_Management,task_executions,0
03_Job_Project_Management,task_history,0
03_Job_Project_Management,task_queue,0
03_Job_Project_Management,task_status_history,0
03_Job_Project_Management,task_templates,0
03_Job_Project_Management,tasks,0
03_Job_Project_Management,work_orders,0
04_Financial_Management,invoices,2012
04_Financial_Management,expenses,500
04_Financial_Management,revenue_streams,12
04_Financial_Management,payments,1
04_Financial_Management,revenue_goals,1
04_Financial_Management,ar_aging,0
04_Financial_Management,budget_tracking,0
04_Financial_Management,budgets,0
04_Financial_Management,financial_accounts,0
04_Financial_Management,financial_goals,0
04_Financial_Management,financial_periods,0
04_Financial_Management,financial_ratios,0
04_Financial_Management,financial_transactions,0
04_Financial_Management,invoice_activities,0
04_Financial_Management,invoice_items,0
04_Financial_Management,invoice_payments,0
04_Financial_Management,invoice_template_items,0
04_Financial_Management,invoice_templates,0
04_Financial_Management,payment_applications,0
04_Financial_Management,payment_failures,0
04_Financial_Management,payment_gateway_logs,0
04_Financial_Management,payment_methods,0
04_Financial_Management,payment_plan_installments,0
04_Financial_Management,payment_plans,0
04_Financial_Management,payment_refunds,0
04_Financial_Management,payment_reminders,0
04_Financial_Management,payment_transactions,0
04_Financial_Management,revenue_actions,0
04_Financial_Management,revenue_automation,0
04_Financial_Management,revenue_boosters,0
04_Financial_Management,revenue_dashboard,0
04_Financial_Management,revenue_events,0
04_Financial_Management,revenue_leads,0
04_Financial_Management,revenue_metrics,0
04_Financial_Management,revenue_opportunities,0
04_Financial_Management,revenue_tracking,0
04_Financial_Management,revenue_transactions,0
05_Estimates_Quotes,estimates,6
05_Estimates_Quotes,bid_comparison,0
05_Estimates_Quotes,estimate_activity,0
05_Estimates_Quotes,estimate_approvals,0
05_Estimates_Quotes,estimate_items,0
05_Estimates_Quotes,estimate_line_items,0
05_Estimates_Quotes,estimate_records,0
05_Estimates_Quotes,estimate_template_items,0
05_Estimates_Quotes,estimate_templates,0
05_Estimates_Quotes,proposal_activities,0
05_Estimates_Quotes,proposal_generation,0
05_Estimates_Quotes,proposal_templates,0
05_Estimates_Quotes,proposals,0
05_Estimates_Quotes,quote_line_items,0
05_Estimates_Quotes,quote_management,0
05_Estimates_Quotes,quotes,0
06_Employee_HR,employees,4
06_Employee_HR,crew_availability,0
06_Employee_HR,crew_members,0
06_Employee_HR,crew_schedules,0
06_Employee_HR,crews,0
06_Employee_HR,employee_availability,0
06_Employee_HR,employee_documents,0
06_Employee_HR,employee_jobs,0
06_Employee_HR,employee_onboarding,0
06_Employee_HR,employee_schedules,0
06_Employee_HR,employee_skills,0
06_Employee_HR,hr_policies,0
06_Employee_HR,leave_entitlements,0
06_Employee_HR,leave_requests,0
06_Employee_HR,payroll,0
06_Employee_HR,payroll_periods,0
06_Employee_HR,payroll_records,0
06_Employee_HR,shift_swaps,0
06_Employee_HR,shift_templates,0
07_Inventory_Materials_Equipment,production_memory,284054
07_Inventory_Materials_Equipment,production_todos,33
07_Inventory_Materials_Equipment,materials,19
07_Inventory_Materials_Equipment,inventory_items,12
07_Inventory_Materials_Equipment,equipment,0
07_Inventory_Materials_Equipment,equipment_activity_log,0
07_Inventory_Materials_Equipment,equipment_assets,0
07_Inventory_Materials_Equipment,equipment_attachments,0
07_Inventory_Materials_Equipment,equipment_certifications,0
07_Inventory_Materials_Equipment,equipment_checkouts,0
07_Inventory_Materials_Equipment,equipment_costs,0
07_Inventory_Materials_Equipment,equipment_gps_tracking,0
07_Inventory_Materials_Equipment,equipment_inspections,0
07_Inventory_Materials_Equipment,equipment_operators,0
07_Inventory_Materials_Equipment,equipment_schedules,0
07_Inventory_Materials_Equipment,equipment_usage,0
07_Inventory_Materials_Equipment,equipment_usage_logs,0
07_Inventory_Materials_Equipment,equipment_warranties,0
07_Inventory_Materials_Equipment,inventory,0
07_Inventory_Materials_Equipment,inventory_adjustments,0
07_Inventory_Materials_Equipment,inventory_levels,0
07_Inventory_Materials_Equipment,inventory_locations,0
07_Inventory_Materials_Equipment,inventory_stock,0
07_Inventory_Materials_Equipment,inventory_transactions,0
07_Inventory_Materials_Equipment,inventory_transfers,0
07_Inventory_Materials_Equipment,material_logs,0
07_Inventory_Materials_Equipment,material_order_items,0
07_Inventory_Materials_Equipment,material_orders,0
07_Inventory_Materials_Equipment,material_pricing,0
07_Inventory_Materials_Equipment,materials_inventory,0
07_Inventory_Materials_Equipment,materials_master,0
07_Inventory_Materials_Equipment,product_bundles,0
07_Inventory_Materials_Equipment,product_categories,0
07_Inventory_Materials_Equipment,product_downloads,0
07_Inventory_Materials_Equipment,production_emails,0
07_Inventory_Materials_Equipment,production_leads,0
07_Inventory_Materials_Equipment,production_memory_embeddings,0
07_Inventory_Materials_Equipment,production_memory_entries,0
07_Inventory_Materials_Equipment,production_memory_metadata,0
07_Inventory_Materials_Equipment,production_memory_sync,0
07_Inventory_Materials_Equipment,production_metrics,0
07_Inventory_Materials_Equipment,production_revenue,0
07_Inventory_Materials_Equipment,products,0
07_Inventory_Materials_Equipment,stock_movements,0
07_Inventory_Materials_Equipment,stock_transfer_items,0
07_Inventory_Materials_Equipment,stock_transfers,0
07_Inventory_Materials_Equipment,warehouse_activity_log,0
07_Inventory_Materials_Equipment,warehouse_inventory,0
07_Inventory_Materials_Equipment,warehouse_locations,0
07_Inventory_Materials_Equipment,warehouse_metrics,0
07_Inventory_Materials_Equipment,warehouse_zones,0
07_Inventory_Materials_Equipment,warehouses,0
08_Sales_Marketing,leads,15
08_Sales_Marketing,campaign_enrollments,0
08_Sales_Marketing,campaign_management,0
08_Sales_Marketing,campaigns,0
08_Sales_Marketing,email_automation,0
08_Sales_Marketing,email_automation_log,0
08_Sales_Marketing,email_campaigns,0
08_Sales_Marketing,email_marketing,0
08_Sales_Marketing,email_queue,0
08_Sales_Marketing,email_templates,0
08_Sales_Marketing,email_tracking,0
08_Sales_Marketing,lead_activities,0
08_Sales_Marketing,lead_magnets,0
08_Sales_Marketing,lead_management,0
08_Sales_Marketing,lead_scoring,0
08_Sales_Marketing,lead_sources,0
08_Sales_Marketing,marketing_analytics,0
08_Sales_Marketing,marketing_automation,0
08_Sales_Marketing,marketing_automations,0
08_Sales_Marketing,marketing_campaigns,0
08_Sales_Marketing,nurture_executions,0
08_Sales_Marketing,nurture_workflows,0
08_Sales_Marketing,sales_activities,0
08_Sales_Marketing,sales_analytics,0
08_Sales_Marketing,sales_forecasting,0
08_Sales_Marketing,sales_forecasts,0
08_Sales_Marketing,sales_goals,0
08_Sales_Marketing,sales_metrics,0
08_Sales_Marketing,sales_pipeline,0
08_Sales_Marketing,sales_pipelines,0
09_Service_Support,inspection_deficiency_items,0
09_Service_Support,inspection_management,0
09_Service_Support,inspection_photos,0
09_Service_Support,inspection_templates,0
09_Service_Support,inspections,0
09_Service_Support,maintenance_records,0
09_Service_Support,maintenance_schedules,0
09_Service_Support,maintenance_scheduling,0
09_Service_Support,service_bus,0
09_Service_Support,service_catalog,0
09_Service_Support,service_contracts,0
09_Service_Support,service_deficiencies,0
09_Service_Support,service_health,0
09_Service_Support,service_history,0
09_Service_Support,service_inspections,0
09_Service_Support,service_jobs,0
09_Service_Support,service_registry,0
09_Service_Support,service_requests,0
09_Service_Support,service_tickets,0
09_Service_Support,service_tracking,0
09_Service_Support,service_warranties,0
09_Service_Support,services,0
09_Service_Support,support_analytics,0
09_Service_Support,support_tickets,0
09_Service_Support,ticket_escalations,0
09_Service_Support,ticket_management,0
09_Service_Support,tickets,0
10_CenterPoint_Integration,centerpoint_sync_status,6601
10_CenterPoint_Integration,centerpoint_cache,0
10_CenterPoint_Integration,centerpoint_communications,0
10_CenterPoint_Integration,centerpoint_companies,0
10_CenterPoint_Integration,centerpoint_contacts,0
10_CenterPoint_Integration,centerpoint_data,0
10_CenterPoint_Integration,centerpoint_employees,0
10_CenterPoint_Integration,centerpoint_equipment,0
10_CenterPoint_Integration,centerpoint_estimates,0
10_CenterPoint_Integration,centerpoint_files,0
10_CenterPoint_Integration,centerpoint_invoices,0
10_CenterPoint_Integration,centerpoint_job_history,0
10_CenterPoint_Integration,centerpoint_notes,0
10_CenterPoint_Integration,centerpoint_photos,0
10_CenterPoint_Integration,centerpoint_productions,0
10_CenterPoint_Integration,centerpoint_products,0
10_CenterPoint_Integration,centerpoint_raw_data,0
10_CenterPoint_Integration,centerpoint_sync_data,0
10_CenterPoint_Integration,centerpoint_sync_log,0
10_CenterPoint_Integration,centerpoint_tickets,0
10_CenterPoint_Integration,centerpoint_users,0
10_CenterPoint_Integration,cp_download_jobs,0
10_CenterPoint_Integration,cp_entity_sync,0
10_CenterPoint_Integration,cp_file_blobs,0
10_CenterPoint_Integration,cp_file_blobs_metadata,0
10_CenterPoint_Integration,cp_file_content,0
10_CenterPoint_Integration,cp_file_integrity,0
10_CenterPoint_Integration,cp_file_large_objects,0
10_CenterPoint_Integration,cp_file_queue,0
10_CenterPoint_Integration,cp_file_storage,0
10_CenterPoint_Integration,cp_files_manifest,0
10_CenterPoint_Integration,cp_final_companies,0
10_CenterPoint_Integration,cp_final_invoices,0
10_CenterPoint_Integration,cp_final_productions,0
10_CenterPoint_Integration,cp_final_properties,0
10_CenterPoint_Integration,cp_final_transactions,0
10_CenterPoint_Integration,cp_final_warranties,0
10_CenterPoint_Integration,cp_mv_done,0
10_CenterPoint_Integration,cp_mv_progress,0
10_CenterPoint_Integration,cp_mv_totals,0
10_CenterPoint_Integration,cp_production_warranties,0
10_CenterPoint_Integration,cp_storage_migrations,0
10_CenterPoint_Integration,cp_sync_companies,0
10_CenterPoint_Integration,cp_sync_status,0
10_CenterPoint_Integration,cp_sync_tracking,0
10_CenterPoint_Integration,landing_activities,0
10_CenterPoint_Integration,landing_building_outlines,0
10_CenterPoint_Integration,landing_centerpoint_companies,0
10_CenterPoint_Integration,landing_centerpoint_jobs,0
10_CenterPoint_Integration,landing_companies,0
10_CenterPoint_Integration,landing_contacts,0
10_CenterPoint_Integration,landing_customers,0
10_CenterPoint_Integration,landing_estimates,0
10_CenterPoint_Integration,landing_files,0
10_CenterPoint_Integration,landing_invoices,0
10_CenterPoint_Integration,landing_jobs,0
10_CenterPoint_Integration,landing_notes,0
10_CenterPoint_Integration,landing_page_analytics,0
10_CenterPoint_Integration,landing_pages,0
10_CenterPoint_Integration,landing_productions,0
10_CenterPoint_Integration,landing_products,0
10_CenterPoint_Integration,landing_properties,0
10_CenterPoint_Integration,landing_transactions,0
10_CenterPoint_Integration,landing_users,0
10_CenterPoint_Integration,landing_warranties,0
10_CenterPoint_Integration,landing_work_orders,0
11_Memory_Knowledge,embedding_models,0
11_Memory_Knowledge,embeddings,0
11_Memory_Knowledge,knowledge_articles,0
11_Memory_Knowledge,knowledge_base,0
11_Memory_Knowledge,knowledge_base_articles,0
11_Memory_Knowledge,knowledge_categories,0
11_Memory_Knowledge,knowledge_entries,0
11_Memory_Knowledge,learning_engine,0
11_Memory_Knowledge,learning_episodes,0
11_Memory_Knowledge,learning_metrics,0
11_Memory_Knowledge,memory_access_log,0
11_Memory_Knowledge,memory_acl,0
11_Memory_Knowledge,memory_collections,0
11_Memory_Knowledge,memory_duplicates,0
11_Memory_Knowledge,memory_entries,0
11_Memory_Knowledge,memory_event_log,0
11_Memory_Knowledge,memory_jobs,0
11_Memory_Knowledge,memory_locations,0
11_Memory_Knowledge,memory_log,0
11_Memory_Knowledge,memory_objects,0
11_Memory_Knowledge,memory_relationships,0
11_Memory_Knowledge,memory_search_log,0
11_Memory_Knowledge,memory_sync,0
11_Memory_Knowledge,memory_versions,0
12_Workflow_Automation,automation_events,14
12_Workflow_Automation,automation_executions,3
12_Workflow_Automation,automation_workflows,3
12_Workflow_Automation,automation_actions,0
12_Workflow_Automation,automation_execution_log,0
12_Workflow_Automation,automation_rules,0
12_Workflow_Automation,automation_runs,0
12_Workflow_Automation,automation_templates,0
12_Workflow_Automation,automation_triggers,0
12_Workflow_Automation,automations,0
12_Workflow_Automation,orchestration_executions,0
12_Workflow_Automation,orchestration_workflows,0
12_Workflow_Automation,process_automation,0
12_Workflow_Automation,process_logs,0
12_Workflow_Automation,workflow_automation,0
12_Workflow_Automation,workflow_definitions,0
12_Workflow_Automation,workflow_errors,0
12_Workflow_Automation,workflow_executions,0
12_Workflow_Automation,workflow_instances,0
12_Workflow_Automation,workflow_logs,0
12_Workflow_Automation,workflow_results,0
12_Workflow_Automation,workflow_runs,0
12_Workflow_Automation,workflow_states,0
12_Workflow_Automation,workflow_templates,0
12_Workflow_Automation,workflow_transitions,0
12_Workflow_Automation,workflow_triggers,0
12_Workflow_Automation,workflow_value_metrics,0
12_Workflow_Automation,workflows,0
13_Roofing_CAD_Weather,weathercraft_system_status,10
13_Roofing_CAD_Weather,weathercraft_test_results,8
13_Roofing_CAD_Weather,weathercraft_rewrite_progress,5
13_Roofing_CAD_Weather,weathercraft_analysis_sessions,1
13_Roofing_CAD_Weather,cad_drawings,0
13_Roofing_CAD_Weather,cad_features,0
13_Roofing_CAD_Weather,cad_imports,0
13_Roofing_CAD_Weather,cad_layers,0
13_Roofing_CAD_Weather,cad_projects,0
13_Roofing_CAD_Weather,cad_takeoff_features,0
13_Roofing_CAD_Weather,roof_analyses,0
13_Roofing_CAD_Weather,roof_annotations,0
13_Roofing_CAD_Weather,roof_areas,0
13_Roofing_CAD_Weather,roof_assets,0
13_Roofing_CAD_Weather,roof_hazards,0
13_Roofing_CAD_Weather,roof_penetrations,0
13_Roofing_CAD_Weather,roof_planes,0
13_Roofing_CAD_Weather,roof_sections,0
13_Roofing_CAD_Weather,roof_systems,0
13_Roofing_CAD_Weather,roofing_assemblies,0
13_Roofing_CAD_Weather,takeoff_assemblies,0
13_Roofing_CAD_Weather,takeoff_measurements,0
13_Roofing_CAD_Weather,takeoff_projects,0
13_Roofing_CAD_Weather,weather_conditions,0
13_Roofing_CAD_Weather,weather_delays,0
13_Roofing_CAD_Weather,weather_overlays,0
13_Roofing_CAD_Weather,weathercraft_complete_todos,0
13_Roofing_CAD_Weather,weathercraft_erp_fixes,0
13_Roofing_CAD_Weather,weathercraft_erp_todos,0
13_Roofing_CAD_Weather,weathercraft_knowledge,0
13_Roofing_CAD_Weather,weathercraft_todos,0
14_System_Admin_Monitoring,cron_job_history,15179
14_System_Admin_Monitoring,system_monitoring,2079
14_System_Admin_Monitoring,admin_dashboard_widgets,5
14_System_Admin_Monitoring,admin_dashboard_views,4
14_System_Admin_Monitoring,system_persistence,4
14_System_Admin_Monitoring,system_memory,2
14_System_Admin_Monitoring,deployment_history,1
14_System_Admin_Monitoring,deployment_validations,1
14_System_Admin_Monitoring,system_requirements,1
14_System_Admin_Monitoring,admin_action_logs,0
14_System_Admin_Monitoring,admin_ai_console,0
14_System_Admin_Monitoring,admin_dashboard,0
14_System_Admin_Monitoring,admin_system_metrics,0
14_System_Admin_Monitoring,admin_users,0
14_System_Admin_Monitoring,audit_findings,0
14_System_Admin_Monitoring,audit_log,0
14_System_Admin_Monitoring,audit_logs,0
14_System_Admin_Monitoring,audit_management,0
14_System_Admin_Monitoring,audit_trails,0
14_System_Admin_Monitoring,deploy_hooks,0
14_System_Admin_Monitoring,deployment_events,0
14_System_Admin_Monitoring,deployment_knowledge,0
14_System_Admin_Monitoring,deployment_log,0
14_System_Admin_Monitoring,deployment_records,0
14_System_Admin_Monitoring,deployments,0
14_System_Admin_Monitoring,health_checks,0
14_System_Admin_Monitoring,health_metrics,0
14_System_Admin_Monitoring,logs,0
14_System_Admin_Monitoring,system_audits,0
14_System_Admin_Monitoring,system_backups,0
14_System_Admin_Monitoring,system_config,0
14_System_Admin_Monitoring,system_context,0
14_System_Admin_Monitoring,system_credentials,0
14_System_Admin_Monitoring,system_dashboard_metrics,0
14_System_Admin_Monitoring,system_decisions,0
14_System_Admin_Monitoring,system_documentation,0
14_System_Admin_Monitoring,system_events,0
14_System_Admin_Monitoring,system_implementation_tasks,0
14_System_Admin_Monitoring,system_learning_log,0
14_System_Admin_Monitoring,system_learnings,0
14_System_Admin_Monitoring,system_logs,0
14_System_Admin_Monitoring,system_metrics,0
14_System_Admin_Monitoring,system_notifications,0
14_System_Admin_Monitoring,system_secrets,0
14_System_Admin_Monitoring,system_settings,0
14_System_Admin_Monitoring,system_state,0
15_MyRoofGenius_SaaS,mrg_ai_agents,0
15_MyRoofGenius_SaaS,mrg_ai_usage,0
15_MyRoofGenius_SaaS,mrg_analytics,0
15_MyRoofGenius_SaaS,mrg_leads,0
15_MyRoofGenius_SaaS,mrg_quotes,0
15_MyRoofGenius_SaaS,mrg_revenue,0
15_MyRoofGenius_SaaS,mrg_subscription_plans,0
15_MyRoofGenius_SaaS,mrg_users,0
15_MyRoofGenius_SaaS,myroofgenius_customers,0
15_MyRoofGenius_SaaS,myroofgenius_revenue,0
15_MyRoofGenius_SaaS,myroofgenius_subscriptions,0
17_User_Auth_Security,users,9
17_User_Auth_Security,auth_tokens,8
17_User_Auth_Security,permission_matrix,0
17_User_Auth_Security,role_management,0
17_User_Auth_Security,session_management,0
17_User_Auth_Security,sessions,0
17_User_Auth_Security,user_activities,0
17_User_Auth_Security,user_activity,0
17_User_Auth_Security,user_activity_summary,0
17_User_Auth_Security,user_api_keys,0
17_User_Auth_Security,user_credits,0
17_User_Auth_Security,user_funnel_tracking,0
17_User_Auth_Security,user_management,0
17_User_Auth_Security,user_notification_preferences,0
17_User_Auth_Security,user_notifications,0
17_User_Auth_Security,user_profiles,0
17_User_Auth_Security,user_sessions,0
17_User_Auth_Security,user_tasks,0
17_User_Auth_Security,user_tenants,0
18_Analytics_Reporting,analytics_data,0
18_Analytics_Reporting,analytics_events,0
18_Analytics_Reporting,analytics_metrics,0
18_Analytics_Reporting,bi_dashboards,0
18_Analytics_Reporting,bi_reports,0
18_Analytics_Reporting,dashboard_builder,0
18_Analytics_Reporting,dashboard_insights,0
18_Analytics_Reporting,kpi_tracking,0
18_Analytics_Reporting,kpi_values,0
18_Analytics_Reporting,kpis,0
18_Analytics_Reporting,metrics,0
18_Analytics_Reporting,report_automation,0
18_Analytics_Reporting,report_history,0
18_Analytics_Reporting,report_templates,0
18_Analytics_Reporting,reports,0
19_Other_Miscellaneous,context_snapshots,2088
19_Other_Miscellaneous,app_users,154
19_Other_Miscellaneous,erp_completion_todos,90
19_Other_Miscellaneous,persistent_memory,83
19_Other_Miscellaneous,master_todo,60
19_Other_Miscellaneous,tenants,35
19_Other_Miscellaneous,master_env_vars,29
19_Other_Miscellaneous,claude_persistent_memory,23
19_Other_Miscellaneous,automated_leads,21
19_Other_Miscellaneous,automated_emails,20
19_Other_Miscellaneous,assembly_components,19
19_Other_Miscellaneous,erp_completion_categories,15
19_Other_Miscellaneous,master_credentials,10
19_Other_Miscellaneous,standard_operating_procedures,10
19_Other_Miscellaneous,assemblies,3
19_Other_Miscellaneous,chart_of_accounts,1
19_Other_Miscellaneous,ab_assignments,0
19_Other_Miscellaneous,ab_events,0
19_Other_Miscellaneous,ab_experiments,0
19_Other_Miscellaneous,ab_test_assignments,0
19_Other_Miscellaneous,ab_test_experiments,0
19_Other_Miscellaneous,ab_test_results,0
19_Other_Miscellaneous,ab_test_variants,0
19_Other_Miscellaneous,ab_testing,0
19_Other_Miscellaneous,ab_tests,0
19_Other_Miscellaneous,ab_variants,0
19_Other_Miscellaneous,access_control,0
19_Other_Miscellaneous,activities,0
19_Other_Miscellaneous,ad_campaigns,0
19_Other_Miscellaneous,ad_performance,0
19_Other_Miscellaneous,adjustment_items,0
19_Other_Miscellaneous,affiliate_partners,0
19_Other_Miscellaneous,agents,0
19_Other_Miscellaneous,alembic_version,0
19_Other_Miscellaneous,alert_automation,0
19_Other_Miscellaneous,announcements,0
19_Other_Miscellaneous,api_analytics,0
19_Other_Miscellaneous,api_documentation,0
19_Other_Miscellaneous,api_endpoints,0
19_Other_Miscellaneous,api_gateway,0
19_Other_Miscellaneous,api_keys,0
19_Other_Miscellaneous,api_standards,0
19_Other_Miscellaneous,api_usage,0
19_Other_Miscellaneous,app_configuration,0
19_Other_Miscellaneous,applications,0
19_Other_Miscellaneous,appointments,0
19_Other_Miscellaneous,approval_automation,0
19_Other_Miscellaneous,approval_workflows,0
19_Other_Miscellaneous,assessments,0
19_Other_Miscellaneous,asset_allocation,0
19_Other_Miscellaneous,asset_analytics,0
19_Other_Miscellaneous,asset_disposal,0
19_Other_Miscellaneous,asset_registry,0
19_Other_Miscellaneous,asset_valuation,0
19_Other_Miscellaneous,augmented_reality,0
19_Other_Miscellaneous,aurea_consciousness,0
19_Other_Miscellaneous,automated_revenue,0
19_Other_Miscellaneous,background_checks,0
19_Other_Miscellaneous,backup_management,0
19_Other_Miscellaneous,barcode_scanning,0
19_Other_Miscellaneous,benefit_enrollments,0
19_Other_Miscellaneous,blog_analytics,0
19_Other_Miscellaneous,blog_categories,0
19_Other_Miscellaneous,blog_posts,0
19_Other_Miscellaneous,blog_topics,0
19_Other_Miscellaneous,business_metrics,0
19_Other_Miscellaneous,business_rules,0
19_Other_Miscellaneous,businesses,0
19_Other_Miscellaneous,calendar_events,0
19_Other_Miscellaneous,calendar_integrations,0
19_Other_Miscellaneous,calibration_tracking,0
19_Other_Miscellaneous,candidates,0
19_Other_Miscellaneous,carbon_emissions,0
19_Other_Miscellaneous,cart_items,0
19_Other_Miscellaneous,carts,0
19_Other_Miscellaneous,categories,0
19_Other_Miscellaneous,change_orders,0
19_Other_Miscellaneous,chat_messages,0
19_Other_Miscellaneous,chat_sessions,0
19_Other_Miscellaneous,checkout_sessions,0
19_Other_Miscellaneous,circuit_breakers,0
19_Other_Miscellaneous,claude_code_changes,0
19_Other_Miscellaneous,claude_decisions,0
19_Other_Miscellaneous,claude_error_patterns,0
19_Other_Miscellaneous,claude_operational_procedures,0
19_Other_Miscellaneous,claude_sessions,0
19_Other_Miscellaneous,claude_system_state,0
19_Other_Miscellaneous,claude_work_log,0
19_Other_Miscellaneous,collection_activities,0
19_Other_Miscellaneous,collection_agency_assignments,0
19_Other_Miscellaneous,collection_arrangement_payments,0
19_Other_Miscellaneous,collection_case_invoices,0
19_Other_Miscellaneous,collection_cases,0
19_Other_Miscellaneous,collection_contacts,0
19_Other_Miscellaneous,collection_disputes,0
19_Other_Miscellaneous,collection_letters,0
19_Other_Miscellaneous,collection_payment_arrangements,0
19_Other_Miscellaneous,collection_rules,0
19_Other_Miscellaneous,collection_templates,0
19_Other_Miscellaneous,collections_accounts,0
19_Other_Miscellaneous,commission_structures,0
19_Other_Miscellaneous,commission_tracking,0
19_Other_Miscellaneous,commissions,0
19_Other_Miscellaneous,communications,0
19_Other_Miscellaneous,companies,0
19_Other_Miscellaneous,compensation_history,0
19_Other_Miscellaneous,completed_tasks,0
19_Other_Miscellaneous,compliance_audits,0
19_Other_Miscellaneous,compliance_reporting,0
19_Other_Miscellaneous,compliance_requirements,0
19_Other_Miscellaneous,compliance_tracking,0
19_Other_Miscellaneous,compliance_violations,0
19_Other_Miscellaneous,content_analytics,0
19_Other_Miscellaneous,content_insights,0
19_Other_Miscellaneous,content_management,0
19_Other_Miscellaneous,content_marketing,0
19_Other_Miscellaneous,content_pieces,0
19_Other_Miscellaneous,context_threads,0
19_Other_Miscellaneous,contract_management,0
19_Other_Miscellaneous,contract_milestones,0
19_Other_Miscellaneous,contract_negotiation,0
19_Other_Miscellaneous,contract_renewals,0
19_Other_Miscellaneous,contracts,0
19_Other_Miscellaneous,conversation_links,0
19_Other_Miscellaneous,conversation_messages,0
19_Other_Miscellaneous,conversation_snapshots,0
19_Other_Miscellaneous,conversations,0
19_Other_Miscellaneous,conversion_events,0
19_Other_Miscellaneous,conversion_metrics,0
19_Other_Miscellaneous,copilot_messages,0
19_Other_Miscellaneous,corrective_actions,0
19_Other_Miscellaneous,credential_audit_log,0
19_Other_Miscellaneous,credit_actions_log,0
19_Other_Miscellaneous,credit_applications,0
19_Other_Miscellaneous,credit_checks,0
19_Other_Miscellaneous,credit_limit_history,0
19_Other_Miscellaneous,credit_terms,0
19_Other_Miscellaneous,credit_write_offs,0
19_Other_Miscellaneous,cross_ai_memory,0
19_Other_Miscellaneous,custom_reports,0
19_Other_Miscellaneous,cycle_count_items,0
19_Other_Miscellaneous,cycle_counts,0
19_Other_Miscellaneous,daily_field_reports,0
19_Other_Miscellaneous,daily_logs,0
19_Other_Miscellaneous,daily_routes,0
19_Other_Miscellaneous,data_archiving,0
19_Other_Miscellaneous,data_catalogs,0
19_Other_Miscellaneous,data_export,0
19_Other_Miscellaneous,data_quality_issues,0
19_Other_Miscellaneous,data_quality_rules,0
19_Other_Miscellaneous,data_replicas,0
19_Other_Miscellaneous,data_sync,0
19_Other_Miscellaneous,data_sync_log,0
19_Other_Miscellaneous,data_visualization,0
19_Other_Miscellaneous,data_warehouse_dimensions,0
19_Other_Miscellaneous,data_warehouse_etl_jobs,0
19_Other_Miscellaneous,data_warehouse_facts,0
19_Other_Miscellaneous,database_health_checks,0
19_Other_Miscellaneous,db_sync_status,0
19_Other_Miscellaneous,decisions,0
19_Other_Miscellaneous,depreciation_tracking,0
19_Other_Miscellaneous,diagnostic_results,0
19_Other_Miscellaneous,digital_deliveries,0
19_Other_Miscellaneous,disciplinary_actions,0
19_Other_Miscellaneous,dispute_activities,0
19_Other_Miscellaneous,dispute_categories,0
19_Other_Miscellaneous,dispute_communications,0
19_Other_Miscellaneous,dispute_escalations,0
19_Other_Miscellaneous,dispute_evidence,0
19_Other_Miscellaneous,dispute_ratings,0
19_Other_Miscellaneous,dispute_refunds,0
19_Other_Miscellaneous,dispute_resolutions,0
19_Other_Miscellaneous,dispute_sla_rules,0
19_Other_Miscellaneous,dispute_templates,0
19_Other_Miscellaneous,disputes,0
19_Other_Miscellaneous,document_access_log,0
19_Other_Miscellaneous,document_automation,0
19_Other_Miscellaneous,document_chunks,0
19_Other_Miscellaneous,document_control,0
19_Other_Miscellaneous,document_shares,0
19_Other_Miscellaneous,document_sharing,0
19_Other_Miscellaneous,document_templates,0
19_Other_Miscellaneous,documents,0
19_Other_Miscellaneous,edge_nodes,0
19_Other_Miscellaneous,emergency_contacts,0
19_Other_Miscellaneous,env_master,0
19_Other_Miscellaneous,env_master_audit,0
19_Other_Miscellaneous,env_vars,0
19_Other_Miscellaneous,env_vault,0
19_Other_Miscellaneous,env_vault_audit,0
19_Other_Miscellaneous,environmental_factors,0
19_Other_Miscellaneous,error_log,0
19_Other_Miscellaneous,escalation_rules,0
19_Other_Miscellaneous,escalations,0
19_Other_Miscellaneous,estimation_ai_insights,0
19_Other_Miscellaneous,estimation_assemblies,0
19_Other_Miscellaneous,estimation_historical_formulas,0
19_Other_Miscellaneous,estimation_intelligence,0
19_Other_Miscellaneous,estimation_labor,0
19_Other_Miscellaneous,estimation_materials,0
19_Other_Miscellaneous,etl_checkpoints,0
19_Other_Miscellaneous,etl_metrics,0
19_Other_Miscellaneous,etl_pipelines,0
19_Other_Miscellaneous,etl_sync_status,0
19_Other_Miscellaneous,etl_tombstones,0
19_Other_Miscellaneous,event_management,0
19_Other_Miscellaneous,event_streaming,0
19_Other_Miscellaneous,execution_logs,0
19_Other_Miscellaneous,executive_alerts,0
19_Other_Miscellaneous,executive_dashboards,0
19_Other_Miscellaneous,executive_metrics,0
19_Other_Miscellaneous,failover_config,0
19_Other_Miscellaneous,failover_events,0
19_Other_Miscellaneous,faqs,0
19_Other_Miscellaneous,feature_flags,0
19_Other_Miscellaneous,field_operations,0
19_Other_Miscellaneous,field_service,0
19_Other_Miscellaneous,field_technician_logs,0
19_Other_Miscellaneous,file_storage,0
19_Other_Miscellaneous,follow_ups,0
19_Other_Miscellaneous,forecast_adjustments,0
19_Other_Miscellaneous,forecasts,0
19_Other_Miscellaneous,forums,0
19_Other_Miscellaneous,general_ledger,0
19_Other_Miscellaneous,generated_reports,0
19_Other_Miscellaneous,gps_tracking,0
19_Other_Miscellaneous,incident_reporting,0
19_Other_Miscellaneous,insurance_claims,0
19_Other_Miscellaneous,insurance_policies,0
19_Other_Miscellaneous,insurance_tracking,0
19_Other_Miscellaneous,integration_configs,0
19_Other_Miscellaneous,integration_monitoring,0
19_Other_Miscellaneous,integration_sync,0
19_Other_Miscellaneous,integrations,0
19_Other_Miscellaneous,intellectual_property,0
19_Other_Miscellaneous,internal_messaging,0
19_Other_Miscellaneous,interview_feedback,0
19_Other_Miscellaneous,interviews,0
19_Other_Miscellaneous,investigation_management,0
19_Other_Miscellaneous,invitations,0
19_Other_Miscellaneous,iot_sensors,0
19_Other_Miscellaneous,iso_compliance,0
19_Other_Miscellaneous,item_suppliers,0
19_Other_Miscellaneous,journal_entries,0
19_Other_Miscellaneous,journal_entry_lines,0
19_Other_Miscellaneous,kb_articles,0
19_Other_Miscellaneous,langchain_config,0
19_Other_Miscellaneous,langgraph_executions,0
19_Other_Miscellaneous,langgraph_workflows,0
19_Other_Miscellaneous,learned_patterns,0
19_Other_Miscellaneous,lease_management,0
19_Other_Miscellaneous,legal_cases,0
19_Other_Miscellaneous,legal_documents,0
19_Other_Miscellaneous,license_management,0
19_Other_Miscellaneous,live_chat,0
19_Other_Miscellaneous,locations,0
19_Other_Miscellaneous,machine_learning,0
19_Other_Miscellaneous,mcp_integrations,0
19_Other_Miscellaneous,measurement_points,0
19_Other_Miscellaneous,media_assets,0
19_Other_Miscellaneous,meeting_scheduler,0
19_Other_Miscellaneous,memories,0
19_Other_Miscellaneous,message_queuing,0
19_Other_Miscellaneous,ml_models,0
19_Other_Miscellaneous,mobile_api,0
19_Other_Miscellaneous,mobile_forms,0
19_Other_Miscellaneous,mobile_reports,0
19_Other_Miscellaneous,multimodal_content,0
19_Other_Miscellaneous,natural_language,0
19_Other_Miscellaneous,newsletter_campaigns,0
19_Other_Miscellaneous,newsletter_subscribers,0
19_Other_Miscellaneous,non_conformance,0
19_Other_Miscellaneous,notebook_lm_insights,0
19_Other_Miscellaneous,notebook_lm_knowledge,0
19_Other_Miscellaneous,notebook_lm_sessions,0
19_Other_Miscellaneous,notification_delivery_log,0
19_Other_Miscellaneous,notification_queue,0
19_Other_Miscellaneous,notifications,0
19_Other_Miscellaneous,offers,0
19_Other_Miscellaneous,offline_sync,0
19_Other_Miscellaneous,offline_sync_queue,0
19_Other_Miscellaneous,okrs,0
19_Other_Miscellaneous,onboarding_access,0
19_Other_Miscellaneous,onboarding_checklist,0
19_Other_Miscellaneous,onboarding_documents,0
19_Other_Miscellaneous,onboarding_equipment,0
19_Other_Miscellaneous,onboarding_feedback,0
19_Other_Miscellaneous,onboarding_training,0
19_Other_Miscellaneous,operation_logs,0
19_Other_Miscellaneous,operational_procedures,0
19_Other_Miscellaneous,opportunities,0
19_Other_Miscellaneous,opportunity_products,0
19_Other_Miscellaneous,opportunity_tracking,0
19_Other_Miscellaneous,ops_deltas,0
19_Other_Miscellaneous,ops_snapshots,0
19_Other_Miscellaneous,optimization_history,0
19_Other_Miscellaneous,orders,0
19_Other_Miscellaneous,org_structure,0
19_Other_Miscellaneous,organization_members,0
19_Other_Miscellaneous,organizations,0
19_Other_Miscellaneous,outreach_queue,0
19_Other_Miscellaneous,page_views,0
19_Other_Miscellaneous,password_policies,0
19_Other_Miscellaneous,performance_metrics,0
19_Other_Miscellaneous,performance_reviews,0
19_Other_Miscellaneous,performance_tuning,0
19_Other_Miscellaneous,permits,0
19_Other_Miscellaneous,personal_notes,0
19_Other_Miscellaneous,photo_capture,0
19_Other_Miscellaneous,picking_order_items,0
19_Other_Miscellaneous,picking_orders,0
19_Other_Miscellaneous,pipeline_stage_history,0
19_Other_Miscellaneous,pipeline_stages,0
19_Other_Miscellaneous,pipelines,0
19_Other_Miscellaneous,policy_acknowledgments,0
19_Other_Miscellaneous,policy_management,0
19_Other_Miscellaneous,polls_surveys,0
19_Other_Miscellaneous,portal_activity_log,0
19_Other_Miscellaneous,portal_documents,0
19_Other_Miscellaneous,portal_messages,0
19_Other_Miscellaneous,predictions,0
19_Other_Miscellaneous,predictive_analytics,0
19_Other_Miscellaneous,predictive_maintenance_alerts,0
19_Other_Miscellaneous,preventive_actions,0
19_Other_Miscellaneous,pricing_strategy,0
19_Other_Miscellaneous,procurement_analytics,0
19_Other_Miscellaneous,profit_loss_reports,0
19_Other_Miscellaneous,prompt_trace,0
19_Other_Miscellaneous,properties,0
19_Other_Miscellaneous,purchase_order_items,0
19_Other_Miscellaneous,purchase_orders,0
19_Other_Miscellaneous,purchase_requisitions,0
19_Other_Miscellaneous,purchases,0
19_Other_Miscellaneous,push_notifications,0
19_Other_Miscellaneous,putaway_tasks,0
19_Other_Miscellaneous,quality_checklists,0
19_Other_Miscellaneous,quality_checks,0
19_Other_Miscellaneous,quality_control,0
19_Other_Miscellaneous,quality_inspections,0
19_Other_Miscellaneous,quality_metrics,0
19_Other_Miscellaneous,rag_documents,0
19_Other_Miscellaneous,rd_experiments,0
19_Other_Miscellaneous,rd_projects,0
19_Other_Miscellaneous,real_time_metrics,0
19_Other_Miscellaneous,real_time_monitoring,0
19_Other_Miscellaneous,receiving_order_items,0
19_Other_Miscellaneous,receiving_orders,0
19_Other_Miscellaneous,recruitment_email_templates,0
19_Other_Miscellaneous,recruitment_notes,0
19_Other_Miscellaneous,recruitment_pipelines,0
19_Other_Miscellaneous,recruitment_tasks,0
19_Other_Miscellaneous,recurring_invoice_instances,0
19_Other_Miscellaneous,recurring_invoice_modifications,0
19_Other_Miscellaneous,recurring_invoices,0
19_Other_Miscellaneous,reference_checks,0
19_Other_Miscellaneous,referral_programs,0
19_Other_Miscellaneous,referrals,0
19_Other_Miscellaneous,region_deployments,0
19_Other_Miscellaneous,regional_deployments,0
19_Other_Miscellaneous,regulatory_updates,0
19_Other_Miscellaneous,reminder_campaigns,0
19_Other_Miscellaneous,reminder_templates,0
19_Other_Miscellaneous,remote_support,0
19_Other_Miscellaneous,repair_attempts,0
19_Other_Miscellaneous,replenishment_tasks,0
19_Other_Miscellaneous,requisitions,0
19_Other_Miscellaneous,resource_allocations,0
19_Other_Miscellaneous,retrieval_sessions,0
19_Other_Miscellaneous,reviews,0
19_Other_Miscellaneous,rfis,0
19_Other_Miscellaneous,rfq_management,0
19_Other_Miscellaneous,rfqs,0
19_Other_Miscellaneous,risk_assessment,0
19_Other_Miscellaneous,risk_mitigation,0
19_Other_Miscellaneous,risk_mitigations,0
19_Other_Miscellaneous,risks,0
19_Other_Miscellaneous,safety_incidents,0
19_Other_Miscellaneous,saved_payment_methods,0
19_Other_Miscellaneous,saved_searches,0
19_Other_Miscellaneous,schedule_conflicts,0
19_Other_Miscellaneous,schedule_events,0
19_Other_Miscellaneous,schedule_requests,0
19_Other_Miscellaneous,scheduled_reports,0
19_Other_Miscellaneous,scheduled_tasks,0
19_Other_Miscellaneous,schedules,0
19_Other_Miscellaneous,scheduling_conflicts,0
19_Other_Miscellaneous,scheduling_rules,0
19_Other_Miscellaneous,scorecard_metrics,0
19_Other_Miscellaneous,secure_leads,0
19_Other_Miscellaneous,secure_revenue,0
19_Other_Miscellaneous,security_events,0
19_Other_Miscellaneous,security_logging,0
19_Other_Miscellaneous,security_reporting,0
19_Other_Miscellaneous,segment_members,0
19_Other_Miscellaneous,seo_tools,0
19_Other_Miscellaneous,serial_numbers,0
19_Other_Miscellaneous,shipping_orders,0
19_Other_Miscellaneous,shopping_carts,0
19_Other_Miscellaneous,signature_capture,0
19_Other_Miscellaneous,single_sign_on,0
19_Other_Miscellaneous,sla_policies,0
19_Other_Miscellaneous,sla_tracking,0
19_Other_Miscellaneous,sla_violations,0
19_Other_Miscellaneous,social_media_integration,0
19_Other_Miscellaneous,social_media_posts,0
19_Other_Miscellaneous,social_posts,0
19_Other_Miscellaneous,spatial_ref_sys,0
19_Other_Miscellaneous,strategic_objectives,0
19_Other_Miscellaneous,strategic_plans,0
19_Other_Miscellaneous,streaming_sources,0
19_Other_Miscellaneous,submittals,0
19_Other_Miscellaneous,subscriber_segments,0
19_Other_Miscellaneous,subscribers,0
19_Other_Miscellaneous,subscription_history,0
19_Other_Miscellaneous,subscription_plans,0
19_Other_Miscellaneous,subscription_tiers,0
19_Other_Miscellaneous,subscription_trials,0
19_Other_Miscellaneous,subscriptions,0
19_Other_Miscellaneous,summarizations,0
19_Other_Miscellaneous,supplier_catalogs,0
19_Other_Miscellaneous,supplier_products,0
19_Other_Miscellaneous,suppliers,0
19_Other_Miscellaneous,sustainability_initiatives,0
19_Other_Miscellaneous,sustainability_metrics,0
19_Other_Miscellaneous,swot_analyses,0
19_Other_Miscellaneous,sync_progress,0
19_Other_Miscellaneous,sync_queue,0
19_Other_Miscellaneous,sync_runs,0
19_Other_Miscellaneous,sync_status,0
19_Other_Miscellaneous,tax_rates,0
19_Other_Miscellaneous,team_members,0
19_Other_Miscellaneous,teams,0
19_Other_Miscellaneous,territories,0
19_Other_Miscellaneous,territory_assignments,0
19_Other_Miscellaneous,territory_management,0
19_Other_Miscellaneous,territory_rules,0
19_Other_Miscellaneous,testimonials,0
19_Other_Miscellaneous,third_party_integrations,0
19_Other_Miscellaneous,threat_detection,0
19_Other_Miscellaneous,time_clock,0
19_Other_Miscellaneous,time_entries,0
19_Other_Miscellaneous,time_off_requests,0
19_Other_Miscellaneous,timesheets,0
19_Other_Miscellaneous,traffic_routes,0
19_Other_Miscellaneous,training_compliance,0
19_Other_Miscellaneous,training_records,0
19_Other_Miscellaneous,transfer_items,0
19_Other_Miscellaneous,trend_analysis,0
19_Other_Miscellaneous,trigger_management,0
19_Other_Miscellaneous,two_factor_auth,0
19_Other_Miscellaneous,unified_agents,0
19_Other_Miscellaneous,unified_executions,0
19_Other_Miscellaneous,unified_memory,0
19_Other_Miscellaneous,unified_workflows,0
19_Other_Miscellaneous,update_management,0
19_Other_Miscellaneous,urgency_campaigns,0
19_Other_Miscellaneous,usage_records,0
19_Other_Miscellaneous,vector_memories,0
19_Other_Miscellaneous,vendor_evaluations,0
19_Other_Miscellaneous,vendor_management,0
19_Other_Miscellaneous,vendor_performance,0
19_Other_Miscellaneous,vendor_products,0
19_Other_Miscellaneous,vendors,0
19_Other_Miscellaneous,vercel_logs,0
19_Other_Miscellaneous,video_conferencing,0
19_Other_Miscellaneous,visualization_snapshots,0
19_Other_Miscellaneous,visualizations,0
19_Other_Miscellaneous,warranties,0
19_Other_Miscellaneous,warranty_claims,0
19_Other_Miscellaneous,warranty_tracking,0
19_Other_Miscellaneous,webhook_events,0
19_Other_Miscellaneous,webhook_management,0
19_Other_Miscellaneous,webhooks,0
